# This is for netlify: https://docs.netlify.com/routing/redirects/

# legacy URLs

/krampus/ /sona/ 301!
/krampus /sona/ 301!

/expanse-preview /expanse/ 301!
/expanse-preview/ /expanse/ 301!

/xmas.pdf /holiday/ # old link for tree build doc

# Convenience redirects. e.g. for masfx.info/whatever short urls

/xmas /holiday/ 301!
/xmas/ /holiday/ 301!

/qf /beginner/quickfuzz-instructions
/qf/ /beginner/quickfuzz-instructions

/250 /beginner/distortion-instructions
/250/ /beginner/distortion-instructions

/vu /vu.pdf
/vu/ /vu.pdf
/VU /vu.pdf
/VU/ /vu.pdf

/relay /relay.pdf
/relay/ /relay.pdf

/mwkit /mimirs-well-kit/
/mwkit/ /mimirs-well-kit/

/stomp https://github.com/mstratman/stompfuzz
/stomp/ https://github.com/mstratman/stompfuzz
/pico https://github.com/mstratman/picofuzz
/pico/ https://github.com/mstratman/picofuzz

/polar /omtech-polar-red-dot/
/polar/ /omtech-polar-red-dot/

